<?xml version="1.0"?>
<pagescount>
	<html_total>1</html_total>
	<html_done>1</html_done>
	<images>22</images>
	<script>9</script>
	<css>2</css>
	<pdf/>
	<documents/>
	<excel/>
	<powerpoint/>
	<flash/>
	<audios/>
	<videos/>
	<xml/>
	<json/>
	<txt/>
	<autocad/>
	<fonts/>
	<scraping_reload>1</scraping_reload>
	<is_pretty_url>false</is_pretty_url>
	<is_ebn>false</is_ebn>
	<email>jamal.rai@barid.com</email>
	<theme_name>WmdTheme687209</theme_name>
	<server_url_front_page>https://www6.waybackmachinedownloader.com/wdo/files/demo/punctualsuperstitious.bar_jamal.rai_barid.com_fb3wjd9cj7/</server_url_front_page>
	<no_www_url>punctualsuperstitious.bar</no_www_url>
	<hosted_domain/>
	<original_archive_url>https://punctualsuperstitious.bar/carrefour</original_archive_url>
	<final_archive_url>http://punctualsuperstitious.bar/carrefour/</final_archive_url>
	<front_page_code_date/>
	<total_urls_from_api/>
	<max_reached_live>false</max_reached_live>
	<scrape_other_captures>false</scrape_other_captures>
	<total_size>1036</total_size>
</pagescount>
